{"cameraMode":{"drawMode":0,"name":"Shaded","section":"Shading Mode"},"sceneLighting":false,"audioPlay":false,"sceneViewState":{"showFog":true,"showMaterialUpdate":false,"showSkybox":true,"showFlares":true,"showImageEffects":true,"showParticleSystems":true},"in2DMode":false,"pivot":{"x":8.557330131530762,"y":2.4378387928009035,"z":-3.4015023708343508},"rotation":{"x":0.2366645336151123,"y":0.23334968090057374,"z":-0.05867304280400276,"w":0.9413354396820068},"size":10.0,"orthographic":false}